number,name,status
1,PEPPurposeandGuidelines,Active
482,LiteratureOverviewforTypeHints,Final
579,RefactoringCfunctionsandmethods,Final
483,TheTheoryofTypeHints,Final
514,PythonregistrationintheWindowsregistry,Active
569,Python3.8ReleaseSchedule,Active
457,NotationForPositional-OnlyParameters,Final
596,Python3.9ReleaseSchedule,Active
607,ReducingCPython’sFeatureDeliveryLatency,Final
602,AnnualReleaseCycleforPython,Accepted
452,APIforCryptographicHashFunctionsv2.0,Final
434,IDLEEnhancementExceptionforAllBranches,Active
430,MigratingtoPython3asthedefaultonlinedocumentation,Final
399,PurePython/CAcceleratorModuleCompatibilityRequirements,Final
394,The“python”CommandonUnix-LikeSystems,Active
3124,"Overloading,GenericFunctions,Interfaces,andAdaptation",Deferred
448,AdditionalUnpackingGeneralizations,Final
333,PythonWebServerGatewayInterfacev1.0,Final
8014,TheCommonsGovernanceModel,Rejected
8013,TheExternalCouncilGovernanceModel,Rejected
8012,TheCommunityGovernanceModel,Rejected
8011,PythonGovernanceModelLeadbyTrioofPythonistas,Rejected
3152,Cofunctions,Rejected
8015,OrganizationofthePythoncommunity,Rejected
3153,AsynchronousIOsupport,Superseded
8010,TheTechnicalLeaderGovernanceModel,Rejected
3146,MergingUnladenSwallowintoCPython,Withdrawn
3145,AsynchronousI/OForsubprocess.Popen,Withdrawn
3140,"str(container)shouldcallstr(item),notrepr(item)",Rejected
3142,Adda“while”clausetogeneratorexpressions,Rejected
3139,Cleaningoutsysandthe“interpreter”module,Rejected
3136,Labeledbreakandcontinue,Rejected
3133,IntroducingRoles,Rejected
3130,AccesstoCurrentModule/Class/Function,Rejected
3128,BList:AFasterList-likeType,Rejected
3122,Delineationofthemainmodule,Rejected
3126,RemoveImplicitStringConcatenation,Rejected
3125,RemoveBackslashContinuation,Rejected
3103,ASwitch/CaseStatement,Rejected
754,IEEE754FloatingPointSpecialValues,Rejected
3117,Postfixtypedeclarations,Rejected
3001,Procedureforreviewingandimprovingstandardlibrarymodules,Withdrawn
726,Module,Rejected
713,CallableModules,Rejected
722,Dependencyspecificationforsingle-filescripts,Rejected
724,StricterTypeGuards,Withdrawn
707,Asimplifiedsignaturefor__exit__and__aexit__,Rejected
704,Requirevirtualenvironmentsbydefaultforpackageinstallers,Withdrawn
690,LazyImports,Rejected
666,RejectFoolishIndentation,Rejected
663,"StandardizingEnumstr(),repr(),andformat()behaviors",Rejected
677,CallableTypeSyntax,Rejected
662,Editableinstallsviavirtualwheels,Rejected
665,AfileformattolistPythondependenciesforreproducibilityofanapplication,Rejected
651,RobustStackOverflowHandling,Rejected
650,SpecifyingInstallerRequirementsforPythonProjects,Withdrawn
648,Extensiblecustomizationsoftheinterpreteratstartup,Rejected
645,Allowwritingoptionaltypesas,Withdrawn
641,UsinganunderscoreintheversionportionofPython3.10compatibilitytags,Rejected
640,Unusedvariablesyntax,Rejected
642,ExplicitPatternSyntaxforStructuralPatternMatching,Rejected
637,Supportforindexingwithkeywordarguments,Rejected
633,Dependencyspecificationinpyproject.tomlusinganexplodedTOMLtable,Rejected
631,Dependencyspecificationinpyproject.tomlbasedonPEP508,Superseded
611,Theonemillionlimit,Withdrawn
620,HideimplementationdetailsfromtheCAPI,Withdrawn
622,StructuralPatternMatching,Superseded
606,PythonCompatibilityVersion,Rejected
608,CoordinatedPythonrelease,Rejected
601,Forbidreturn/break/continuebreakingoutoffinally,Rejected
605,ArollingfeaturereleasestreamforCPython,Rejected
599,Themanylinux2014PlatformTag,Superseded
598,Introducingincrementalfeaturereleases,Withdrawn
595,Improvingbugs.python.org,Withdrawn
583,AConcurrencyMemoryModelforPython,Withdrawn
582,Pythonlocalpackagesdirectory,Rejected
577,AugmentedAssignmentExpressions,Withdrawn
559,Built-innoop(),Rejected
571,Themanylinux2010PlatformTag,Superseded
580,TheCcallprotocol,Rejected
576,RationalizeBuilt-infunctionclasses,Withdrawn
575,Unifyingfunction/methodclasses,Withdrawn
555,Context-localvariables(contextvars),Withdrawn
554,MultipleInterpretersintheStdlib,Superseded
548,MoreFlexibleLoopControl,Rejected
549,InstanceDescriptors,Rejected
550,ExecutionContext,Withdrawn
546,Backportssl.MemoryBIOandssl.SSLObjecttoPython2.7,Rejected
543,AUnifiedTLSAPIforPython,Withdrawn
542,DotNotationAssignmentInFunctionHeader,Rejected
551,SecuritytransparencyinthePythonruntime,Withdrawn
536,FinalGrammarforLiteralStringInterpolation,Withdrawn
521,Managingglobalcontextvia‘with’blocksingeneratorsandcoroutines,Withdrawn
516,Buildsystemabstractionforpip/condaetc,Rejected
522,AllowBlockingIOErrorinsecuritysensitiveAPIs,Rejected
511,APIforcodetransformers,Rejected
510,Specializefunctionswithguards,Rejected
531,Existencecheckingoperators,Withdrawn
513,APlatformTagforPortableLinuxBuiltDistributions,Superseded
507,MigrateCPythontoGitandGitLab,Rejected
497,Astandardmechanismforbackwardcompatibility,Rejected
509,Addaprivateversiontodict,Superseded
496,EnvironmentMarkers,Rejected
500,Aprotocolfordelegatingdatetimemethodstotheirtzinfoimplementations,Rejected
490,ChainexceptionsatClevel,Rejected
504,UsingtheSystemRNGbydefault,Withdrawn
502,StringInterpolation-ExtendedDiscussion,Rejected
474,Creatingforge.python.org,Withdrawn
481,"MigrateCPythontoGit,Github,andPhabricator",Withdrawn
473,Addingstructureddatatobuilt-inexceptions,Rejected
460,Addbinaryinterpolationandformatting,Withdrawn
463,Exception-catchingexpressions,Rejected
462,CoredevelopmentworkflowautomationforCPython,Withdrawn
472,Supportforindexingwithkeywordarguments,Rejected
469,MigrationofdictiterationcodetoPython3,Withdrawn
455,Addingakey-transformingdictionarytocollections,Rejected
437,"ADSLforspecifyingsignatures,annotationsandargumentconverters",Rejected
459,StandardMetadataExtensionsforPythonSoftwarePackages,Withdrawn
439,InclusionofimplicitpipbootstrapinPythoninstallation,Rejected
431,Timezonesupportimprovements,Superseded
433,Easiersuppressionoffiledescriptorinheritance,Superseded
432,RestructuringtheCPythonstartupsequence,Withdrawn
426,MetadataforPythonSoftwarePackages2.0,Withdrawn
413,FasterevolutionofthePythonStandardLibrary,Withdrawn
422,Simplercustomisationofclasscreation,Withdrawn
410,Usedecimal.Decimaltypefortimestamps,Rejected
416,Addafrozendictbuiltintype,Rejected
408,Standardlibrary__preview__package,Rejected
406,ImprovedEncapsulationofImportState,Withdrawn
411,ProvisionalpackagesinthePythonstandardlibrary,Superseded
402,SimplifiedPackageLayoutandPartitioning,Rejected
401,BDFLRetirement,April Fool!
396,ModuleVersionNumbers,Rejected
390,StaticmetadataforDistutils,Rejected
381,MirroringinfrastructureforPyPI,Withdrawn
386,ChangingtheversioncomparisonmoduleinDistutils,Superseded
382,NamespacePackages,Rejected
395,QualifiedNamesforModules,Withdrawn
379,AddinganAssignmentExpression,Withdrawn
377,Allow__enter__()methodstoskipthestatementbody,Rejected
369,Postimporthooks,Withdrawn
367,NewSuper,Superseded
365,Addingthepkg_resourcesmodule,Rejected
359,The“make”Statement,Withdrawn
364,TransitioningtothePy3KStandardLibrary,Withdrawn
363,SyntaxForDynamicAttributeAccess,Rejected
355,Path-Objectorientedfilesystempaths,Rejected
354,EnumerationsinPython,Superseded
351,Thefreezeprotocol,Rejected
349,Allowstr()toreturnunicodestrings,Rejected
350,Codetags,Rejected
344,ExceptionChainingandEmbeddedTracebacks,Superseded
348,ExceptionReorganizationforPython3.0,Rejected
346,UserDefined(”,Withdrawn
345,MetadataforPythonSoftwarePackages1.2,Superseded
340,AnonymousBlockStatements,Rejected
339,DesignoftheCPythonCompiler,Withdrawn
336,MakeNoneCallable,Rejected
332,BytevectorsandString/UnicodeUnification,Rejected
334,SimpleCoroutinesviaSuspendIteration,Withdrawn
330,PythonBytecodeVerification,Rejected
329,TreatingBuiltinsasConstantsintheStandardLibrary,Rejected
335,OverloadableBooleanOperators,Rejected
317,EliminateImplicitExceptionInstantiation,Rejected
326,ACaseforTopandBottomValues,Rejected
325,Resource-ReleaseSupportforGenerators,Rejected
321,Date/TimeParsingandFormatting,Withdrawn
319,PythonSynchronize/AsynchronizeBlock,Rejected
313,AddingRomanNumeralLiteralstoPython,Rejected
315,EnhancedWhileLoop,Rejected
314,MetadataforPythonSoftwarePackages1.1,Superseded
304,ControllingGenerationofBytecodeFiles,Withdrawn
306,HowtoChangePython’sGrammar,Withdrawn
298,TheLockedBufferInterface,Withdrawn
303,Extenddivmod()forMultipleDivisors,Rejected
299,Special__main__()functioninmodules,Rejected
297,SupportforSystemUpgrades,Rejected
296,AddingabytesObjectType,Withdrawn
310,ReliableAcquisition/ReleasePairs,Rejected
295,Interpretationofmultilinestringconstants,Rejected
294,TypeNamesinthetypesModule,Rejected
288,GeneratorsAttributesandExceptions,Withdrawn
284,Integerfor-loops,Rejected
281,LoopCounterIterationwithrangeandxrange,Rejected
276,SimpleIteratorforints,Rejected
275,SwitchingonMultipleValues,Rejected
271,Prefixingsys.pathbycommandlineoption,Rejected
268,ExtendedHTTPfunctionalityandWebDAV,Rejected
270,uniqmethodforlistobjects,Rejected
266,OptimizingGlobalVariable/AttributeAccess,Withdrawn
256,DocstringProcessingSystemFramework,Rejected
262,ADatabaseofInstalledPythonPackages,Rejected
259,Omitprintingnewlineafternewline,Rejected
258,DocutilsDesignSpecification,Rejected
265,SortingDictionariesbyValue,Rejected
254,MakingClassesLookMoreLikeTypes,Rejected
245,PythonInterfaceSyntax,Rejected
246,ObjectAdaptation,Rejected
241,MetadataforPythonSoftwarePackages,Superseded
243,ModuleRepositoryUploadMechanism,Withdrawn
244,The,Rejected
240,AddingaRationalLiteraltoPython,Rejected
242,NumericKinds,Rejected
239,AddingaRationalTypetoPython,Rejected
231,__findattr__(),Rejected
228,ReworkingPython’sNumericModel,Withdrawn
225,Elementwise/ObjectwiseOperators,Rejected
216,DocstringFormat,Rejected
215,StringInterpolation,Superseded
224,AttributeDocstrings,Rejected
220,"Coroutines,Generators,Continuations",Rejected
212,LoopCounterIteration,Rejected
211,AddingANewOuterProductOperator,Rejected
210,DecouplingtheInterpreterLoop,Rejected
206,PythonAdvancedLibrary,Withdrawn
209,Multi-dimensionalArrays,Withdrawn
204,RangeLiterals,Rejected
102,DoingPythonMicroReleases,Superseded
3,GuidelinesforHandlingBugReports,Withdrawn
103,Collectinginformationaboutgit,Withdrawn
42,FeatureRequests,Withdrawn
9,SamplePlaintextPEPTemplate,Withdrawn
3150,Statementlocalnamespaces(aka“given”clause),Deferred
3143,Standarddaemonprocesslibrary,Deferred
674,Disallowusingmacrosasl-values,Deferred
568,Generator-sensitivityforContextVariables,Deferred
558,Definedsemanticsforlocals(),Deferred
556,Threadedgarbagecollection,Deferred
547,Runningextensionmodulesusingthe-moption,Deferred
534,ImprovedErrorsforMissingStandardLibraryModules,Deferred
535,Richcomparisonchaining,Deferred
533,Deterministiccleanupforiterators,Deferred
532,Acircuitbreakingprotocolandbinaryoperators,Deferred
505,None-awareoperators,Deferred
501,Generalpurposestringinterpolation,Deferred
447,Add__getdescriptor__methodtometaclass,Deferred
499,,Deferred
419,Protectingcleanupstatementsfrominterruptions,Deferred
444,PythonWeb3Interface,Deferred
491,TheWheelBinaryPackageFormat1.9,Deferred
423,Namingconventionsandrecipesrelatedtopackaging,Deferred
407,Newreleasecycleandintroducinglong-termsupportversions,Deferred
316,ProgrammingbyContractforPython,Deferred
403,Generalpurposedecoratorclause(aka“@in”clause),Deferred
400,Deprecatecodecs.StreamReaderandcodecs.StreamWriter,Deferred
323,CopyableIterators,Deferred
337,LoggingUsageintheStandardLibrary,Deferred
312,SimpleImplicitLambda,Deferred
368,Standardimageprotocolandclass,Deferred
280,Optimizingaccesstoglobals,Deferred
269,PgenModuleforPython,Deferred
233,PythonOnlineHelp,Deferred
213,AttributeAccessHandlers,Deferred
222,WebLibraryEnhancements,Deferred
219,StacklessPython,Deferred
286,EnhancedArgumentTuples,Deferred
267,OptimizedAccesstoModuleNamespaces,Deferred
3099,ThingsthatwillNotChangeinPython3000,Final
8001,PythonGovernanceVotingProcess,Final
3100,MiscellaneousPython3.0Plans,Final
541,PackageIndexNameRetention,Final
3002,ProcedureforBackwards-IncompatibleChanges,Final
545,PythonDocumentationTranslations,Final
3003,PythonLanguageMoratorium,Final
3000,Python3000,Final
494,Python3.6ReleaseSchedule,Final
537,Python3.7ReleaseSchedule,Final
478,Python3.5ReleaseSchedule,Final
470,RemovingExternalHostingSupportonPyPI,Final
438,Transitioningtorelease-filehostingonPyPI,Superseded
449,RemovalofthePyPIMirrorAutoDiscoveryandNamingScheme,Final
464,RemovalofthePyPIMirrorAuthenticityAPI,Final
512,Migratingfromhg.python.orgtoGitHub,Final
429,Python3.4ReleaseSchedule,Final
404,Python2.8Un-releaseSchedule,Final
398,Python3.3ReleaseSchedule,Final
375,Python3.1ReleaseSchedule,Final
392,Python3.2ReleaseSchedule,Final
374,ChoosingadistributedVCSforthePythonproject,Final
373,Python2.7ReleaseSchedule,Final
385,MigratingfromSubversiontoMercurial,Final
361,Python2.6and3.0ReleaseSchedule,Final
360,ExternallyMaintainedPackages,Final
356,Python2.5ReleaseSchedule,Final
251,Python2.2ReleaseSchedule,Final
347,MigratingthePythonCVStoSubversion,Final
320,Python2.4ReleaseSchedule,Final
283,Python2.3ReleaseSchedule,Final
226,Python2.1ReleaseSchedule,Final
160,Python1.6ReleaseSchedule,Final
200,Python2.0ReleaseSchedule,Final
6,BugFixReleases,Superseded
5,GuidelinesforLanguageEvolution,Superseded
3155,Qualifiednameforclassesandfunctions,Final
3151,ReworkingtheOSandIOexceptionhierarchy,Final
3154,Pickleprotocolversion4,Final
3156,AsynchronousIOSupportRebooted:the“asyncio”Module,Final
3149,ABIversiontagged.sofiles,Final
3148,futures-executecomputationsasynchronously,Final
3147,PYCRepositoryDirectories,Final
3144,IPAddressManipulationLibraryforthePythonStandardLibrary,Final
3138,StringrepresentationinPython3000,Final
3135,NewSuper,Final
3141,ATypeHierarchyforNumbers,Final
3137,ImmutableBytesandMutableBuffer,Final
3134,ExceptionChainingandEmbeddedTracebacks,Final
3132,ExtendedIterableUnpacking,Final
3131,SupportingNon-ASCIIIdentifiers,Final
3129,ClassDecorators,Final
3120,UsingUTF-8asthedefaultsourceencoding,Final
3118,Revisingthebufferprotocol,Final
3123,MakingPyObject_HEADconformtostandardC,Final
3119,IntroducingAbstractBaseClasses,Final
3121,ExtensionModuleInitializationandFinalization,Final
3127,IntegerLiteralSupportandSyntax,Final
3116,NewI/O,Final
3115,MetaclassesinPython3000,Final
3111,Simpleinputbuilt-ininPython3000,Final
3113,RemovalofTupleParameterUnpacking,Final
3112,BytesliteralsinPython3000,Final
3110,CatchingExceptionsinPython3000,Final
3114,Renamingiterator.next()toiterator.__next__(),Final
3109,RaisingExceptionsinPython3000,Final
3107,FunctionAnnotations,Final
3108,StandardLibraryReorganization,Final
3105,Makeprintafunction,Final
3106,"Revampingdict.keys(),.values()and.items()",Final
3101,AdvancedStringFormatting,Final
3104,AccesstoNamesinOuterScopes,Final
3102,Keyword-OnlyArguments,Final
721,Usingtarfile.data_filterforsourcedistributionextraction,Final
715,Disablingbdist_eggdistributionuploadsonPyPI,Final
709,Inlinedcomprehensions,Final
698,OverrideDecoratorforStaticTyping,Final
706,Filterfortarfile.extractall,Final
697,LimitedCAPIforExtendingOpaqueTypes,Final
695,TypeParameterSyntax,Final
689,UnstableCAPItier,Final
692,UsingTypedDictformoreprecise**kwargstyping,Final
688,MakingthebufferprotocolaccessibleinPython,Final
682,FormatSpecifierforSignedZero,Final
681,DataClassTransforms,Final
680,tomllib:SupportforParsingTOMLintheStandardLibrary,Final
669,LowImpactMonitoringforCPython,Final
660,Editableinstallsforpyproject.tomlbasedbuilds(wheelbased),Final
675,ArbitraryLiteralStringType,Final
670,ConvertmacrostofunctionsinthePythonCAPI,Final
673,SelfType,Final
678,EnrichingExceptionswithNotes,Final
657,IncludeFineGrainedErrorLocationsinTracebacks,Final
655,MarkingindividualTypedDictitemsasrequiredorpotentially-missing,Final
656,PlatformTagforLinuxDistributionsUsingMusl,Final
654,ExceptionGroupsandexcept*,Final
632,Deprecatedistutilsmodule,Final
644,RequireOpenSSL1.1.1ornewer,Final
643,MetadataforPackageSourceDistributions,Final
652,MaintainingtheStableABI,Final
634,StructuralPatternMatching:Specification,Final
629,VersioningPyPI’sSimpleAPI,Final
628,Add,Final
627,Recordinginstalledprojects,Final
626,Preciselinenumbersfordebuggingandothertools.,Final
621,Storingprojectmetadatainpyproject.toml,Final
624,RemovePy_UNICODEencoderAPIs,Final
623,RemovewstrfromUnicode,Final
618,AddOptionalLength-CheckingTozip,Final
617,NewPEGparserforCPython,Final
616,Stringmethodstoremoveprefixesandsuffixes,Final
612,ParameterSpecificationVariables,Final
614,RelaxingGrammarRestrictionsOnDecorators,Final
610,RecordingtheDirectURLOriginofinstalleddistributions,Final
604,Allowwritinguniontypesas,Final
613,ExplicitTypeAliases,Final
600,Future‘manylinux’PlatformTagsforPortableLinuxBuiltDistributions,Final
597,AddoptionalEncodingWarning,Final
594,Removingdeadbatteriesfromthestandardlibrary,Final
587,PythonInitializationConfiguration,Final
592,Adding“Yank”SupporttotheSimpleAPI,Final
591,Addingafinalqualifiertotyping,Final
589,TypedDict:TypeHintsforDictionarieswithaFixedSetofKeys,Final
593,Flexiblefunctionandvariableannotations,Final
586,LiteralTypes,Final
585,TypeHintingGenericsInStandardCollections,Final
566,MetadataforPythonSoftwarePackages2.1,Final
584,AddUnionOperatorsTodict,Final
574,Pickleprotocol5without-of-banddata,Final
573,ModuleStateAccessfromCExtensionMethods,Final
567,ContextVariables,Final
572,AssignmentExpressions,Final
570,PythonPositional-OnlyParameters,Final
565,ShowDeprecationWarningin__main__,Final
562,Module__getattr__and__dir__,Final
561,DistributingandPackagingTypeInformation,Final
560,Coresupportfortypingmoduleandgenerictypes,Final
557,DataClasses,Final
553,Built-inbreakpoint(),Final
564,Addnewtimefunctionswithnanosecondresolution,Final
552,Deterministicpycs,Final
540,AddanewUTF-8Mode,Final
538,CoercingthelegacyClocaletoaUTF-8basedlocale,Final
530,AsynchronousComprehensions,Final
528,ChangeWindowsconsoleencodingtoUTF-8,Final
529,ChangeWindowsfilesystemencodingtoUTF-8,Final
527,RemovingUn(der)usedfiletypes/extensionsonPyPI,Final
539,ANewC-APIforThread-LocalStorageinCPython,Final
544,Protocols:Structuralsubtyping(staticducktyping),Final
525,AsynchronousGenerators,Final
518,SpecifyingMinimumBuildSystemRequirementsforPythonProjects,Final
523,AddingaframeevaluationAPItoCPython,Final
517,Abuild-systemindependentformatforsourcetrees,Final
526,SyntaxforVariableAnnotations,Final
524,Makeos.urandom()blockingonLinux,Final
520,PreservingClassAttributeDefinitionOrder,Final
519,Addingafilesystempathprotocol,Final
503,SimpleRepositoryAPI,Final
506,AddingASecretsModuleToTheStandardLibrary,Final
498,LiteralStringInterpolation,Final
515,UnderscoresinNumericLiterals,Final
508,DependencyspecificationforPythonSoftwarePackages,Final
495,LocalTimeDisambiguation,Final
493,HTTPSverificationmigrationtoolsforPython2.7,Final
492,Coroutineswithasyncandawaitsyntax,Final
486,MakethePythonLauncherawareofvirtualenvironments,Final
477,Backportensurepip(PEP453)toPython2.7,Final
485,AFunctionfortestingapproximateequality,Final
488,EliminationofPYOfiles,Final
489,Multi-phaseextensionmoduleinitialization,Final
487,Simplercustomisationofclasscreation,Final
479,ChangeStopIterationhandlinginsidegenerators,Final
484,TypeHints,Final
468,Preservingtheorderof**kwargsinafunction.,Final
466,NetworkSecurityEnhancementsforPython2.7.x,Final
465,Adedicatedinfixoperatorformatrixmultiplication,Final
471,os.scandir()function–abetterandfasterdirectoryiterator,Final
476,Enablingcertificateverificationbydefaultforstdlibhttpclients,Final
456,Secureandinterchangeablehashalgorithm,Final
475,RetrysystemcallsfailingwithEINTR,Final
461,Adding%formattingtobytesandbytearray,Final
454,AddanewtracemallocmoduletotracePythonmemoryallocations,Final
453,ExplicitbootstrappingofpipinPythoninstallations,Final
451,AModuleSpecTypefortheImportSystem,Final
450,AddingAStatisticsModuleToTheStandardLibrary,Final
446,Makenewlycreatedfiledescriptorsnon-inheritable,Final
445,AddnewAPIstocustomizePythonmemoryallocators,Final
442,Safeobjectfinalization,Final
443,Single-dispatchgenericfunctions,Final
441,ImprovingPythonZIPApplicationSupport,Final
440,VersionIdentificationandDependencySpecification,Final
436,TheArgumentClinicDSL,Final
428,Thepathlibmodule–object-orientedfilesystempaths,Final
427,TheWheelBinaryPackageFormat1.0,Final
435,AddinganEnumtypetothePythonstandardlibrary,Final
425,CompatibilityTagsforBuiltDistributions,Final
424,Amethodforexposingalengthhint,Final
414,ExplicitUnicodeLiteralforPython3.3,Final
417,IncludingmockintheStandardLibrary,Final
420,ImplicitNamespacePackages,Final
409,Suppressingexceptioncontext,Final
415,Implementcontextsuppressionwithexceptionattributes,Final
421,Addingsys.implementation,Final
418,"Addmonotonictime,performancecounter,andprocesstimefunctions",Final
412,Key-SharingDictionary,Final
383,Non-decodableBytesinSystemCharacterInterfaces,Final
405,PythonVirtualEnvironments,Final
397,PythonlauncherforWindows,Final
384,DefiningaStableABI,Final
393,FlexibleStringRepresentation,Final
389,argparse-NewCommandLineParsingModule,Final
380,SyntaxforDelegatingtoaSubgenerator,Final
391,Dictionary-BasedConfigurationForLogging,Final
376,DatabaseofInstalledPythonDistributions,Final
372,Addinganordereddictionarytocollections,Final
370,Perusersite-packagesdirectory,Final
378,FormatSpecifierforThousandsSeparator,Final
366,Mainmoduleexplicitrelativeimports,Final
371,Additionofthemultiprocessingpackagetothestandardlibrary,Final
362,FunctionSignatureObject,Final
358,The“bytes”Object,Final
353,Usingssize_tastheindextype,Final
357,AllowingAnyObjecttobeUsedforSlicing,Final
352,RequiredSuperclassforExceptions,Final
342,CoroutinesviaEnhancedGenerators,Final
338,Executingmodulesasscripts,Final
331,Locale-IndependentFloat/StringConversions,Final
341,Unifyingtry-exceptandtry-finally,Final
343,The“with”Statement,Final
328,Imports:Multi-LineandAbsolute/Relative,Final
327,DecimalDataType,Final
324,subprocess-Newprocessmodule,Final
308,ConditionalExpressions,Final
322,ReverseIteration,Final
309,PartialFunctionApplication,Final
318,DecoratorsforFunctionsandMethods,Final
311,SimplifiedGlobalInterpreterLockAcquisitionforExtensions,Final
305,CSVFileAPI,Final
301,PackageIndexandMetadataforDistutils,Final
293,CodecErrorHandlingCallbacks,Final
302,NewImportHooks,Final
307,Extensionstothepickleprotocol,Final
292,SimplerStringSubstitutions,Final
289,GeneratorExpressions,Final
285,Addingabooltype,Final
282,ALoggingSystem,Final
279,Theenumerate()built-infunction,Final
278,UniversalNewlineSupport,Final
277,UnicodefilenamesupportforWindowsNT,Final
274,DictComprehensions,Final
261,Supportfor“wide”Unicodecharacters,Final
260,Simplifyxrange(),Final
264,Futurestatementsinsimulatedshells,Final
263,DefiningPythonSourceCodeEncodings,Final
273,ImportModulesfromZipArchives,Final
255,SimpleGenerators,Final
253,SubtypingBuilt-inTypes,Final
252,MakingTypesLookMoreLikeClasses,Final
250,Usingsite-packagesonWindows,Final
235,ImportonCase-InsensitivePlatforms,Final
234,Iterators,Final
236,Backtothe__future__,Final
237,UnifyingLongIntegersandIntegers,Final
238,ChangingtheDivisionOperator,Final
232,FunctionAttributes,Final
230,WarningFramework,Final
229,UsingDistutilstoBuildPython,Final
227,StaticallyNestedScopes,Final
217,DisplayHookforInteractiveUse,Final
214,ExtendedPrintStatement,Final
208,ReworkingtheCoercionModel,Final
223,ChangetheMeaningof,Final
221,ImportAs,Final
218,AddingaBuilt-InSetObjectType,Final
207,RichComparisons,Final
202,ListComprehensions,Final
201,LockstepIteration,Final
741,PythonConfigurationCAPI,Draft
205,WeakReferences,Final
203,AugmentedAssignments,Final
743,AddPy_COMPAT_API_VERSIONtothePythonCAPI,Draft
100,PythonUnicodeIntegration,Final
742,NarrowingtypeswithTypeIs,Draft
740,Indexsupportfordigitalattestations,Draft
736,Shorthandsyntaxforkeywordargumentsatinvocation,Draft
738,AddingAndroidasasupportedplatform,Draft
739,StaticdescriptionfileforbuilddetailsofPythoninstallations,Draft
737,Unifytypenameformatting,Draft
734,MultipleInterpretersintheStdlib,Draft
735,DependencyGroupsinpyproject.toml,Draft
733,AnEvaluationofPython’sPublicCAPI,Draft
728,TypedDictwithTypedExtraItems,Draft
727,DocumentationinAnnotatedMetadata,Draft
725,Specifyingexternaldependenciesinpyproject.toml,Draft
720,Cross-compilingPythonpackages,Draft
718,Subscriptablefunctions,Draft
712,Addinga“converter”parametertodataclasses.field,Draft
711,PyBI:astandardformatfordistributingPythonBinaries,Draft
710,Recordingtheprovenanceofinstalledpackages,Draft
694,Upload2.0APIforPythonPackageRepositories,Draft
679,Allowparenthesesinassertstatements,Draft
667,Consistentviewsofnamespaces,Draft
671,Syntaxforlate-boundfunctionargumentdefaults,Draft
659,SpecializingAdaptiveInterpreter,Draft
661,SentinelValues,Draft
653,PreciseSemanticsforPatternMatching,Draft
639,ImprovingLicenseClaritywithBetterPackageMetadata,Draft
603,Addingafrozenmaptypetocollections,Draft
480,SurvivingaCompromiseofPyPI:End-to-endsigningofpackages,Draft
588,GitHubIssuesMigrationPlan,Draft
638,SyntacticMacros,Draft
730,AddingiOSasasupportedplatform,Accepted
723,Inlinescriptmetadata,Accepted
714,Renamedist-info-metadataintheSimpleAPI,Accepted
467,MinorAPIimprovementsforbinarysequences,Draft
705,TypedDict:Read-onlyitems,Accepted
703,MakingtheGlobalInterpreterLockOptionalinCPython,Accepted
702,Markingdeprecationsusingthetypesystem,Accepted
700,AdditionalFieldsfortheSimpleAPIforPackageIndexes,Accepted
701,Syntacticformalizationoff-strings,Accepted
691,JSON-basedSimpleAPIforPythonPackageIndexes,Accepted
699,RemoveprivatedictversionfieldaddedinPEP509,Accepted
696,TypeDefaultsforTypeParameters,Accepted
687,Isolatingmodulesinthestandardlibrary,Accepted
686,MakeUTF-8modedefault,Accepted
685,Comparisonofextranamesforoptionaldistributiondependencies,Accepted
658,ServeDistributionMetadataintheSimpleRepositoryAPI,Accepted
684,APer-InterpreterGIL,Accepted
647,User-DefinedTypeGuards,Accepted
683,"ImmortalObjects,UsingaFixedRefcount",Accepted
625,FilenameofaSourceDistribution,Accepted
668,MarkingPythonbaseenvironmentsas“externallymanaged”,Accepted
649,DeferredEvaluationOfAnnotationsUsingDescriptors,Accepted
646,VariadicGenerics,Accepted
615,SupportfortheIANATimeZoneDatabaseintheStandardLibrary,Accepted
8104,2023TermSteeringCouncilelection,Active
563,PostponedEvaluationofAnnotations,Accepted
578,PythonRuntimeAuditHooks,Accepted
458,SecurePyPIdownloadswithsignedrepositorymetadata,Accepted
8105,2024TermSteeringCouncilelection,Active
708,ExtendingtheRepositoryAPItoMitigateDependencyConfusionAttacks,Provisional
590,Vectorcall:afastcallingprotocolforCPython,Accepted
8103,2022TermSteeringCouncilelection,Final
8101,2020TermSteeringCouncilelection,Final
8100,January2019SteeringCouncilelection,Final
8016,TheSteeringCouncilModel,Accepted
8102,2021TermSteeringCouncilelection,Final
8000,PythonLanguageGovernanceProposalOverview,Final
8002,OpenSourceGovernanceSurvey,Final
3333,PythonWebServerGatewayInterfacev1.0.1,Final
801,Reserved,Active
664,Python3.11ReleaseSchedule,Active
719,Python3.13ReleaseSchedule,Active
693,Python3.12ReleaseSchedule,Active
672,Unicode-relatedSecurityConsiderationsforPython,Active
636,StructuralPatternMatching:Tutorial,Final
635,StructuralPatternMatching:MotivationandRationale,Final
630,IsolatingExtensionModules,Final
619,Python3.10ReleaseSchedule,Active
291,BackwardCompatibilityforthePython2StandardLibrary,Final
290,CodeMigrationandModernization,Active
287,reStructuredTextDocstringFormat,Active
272,APIforBlockEncryptionAlgorithmsv1.0,Final
249,PythonDatabaseAPISpecificationv2.0,Final
257,DocstringConventions,Active
248,PythonDatabaseAPISpecificationv1.0,Final
101,DoingPythonReleases101,Active
247,APIforCryptographicHashFunctions,Final
20,TheZenofPython,Active
732,ThePythonDocumentationEditorialBoard,Active
731,CAPIWorkingGroupCharter,Active
676,PEPInfrastructureProcess,Active
729,Typinggovernanceprocess,Active
609,PythonPackagingAuthority(PyPA)Governance,Active
581,UsingGitHubIssuesforCPython,Accepted
387,BackwardsCompatibilityPolicy,Active
13,PythonLanguageGovernance,Active
12,SamplereStructuredTextPEPTemplate,Active
4,DeprecationofStandardModules,Active
11,CPythonplatformsupport,Active
10,VotingGuidelines,Active
7,StyleGuideforCCode,Active
2,ProcedureforAddingNewModules,Active
8,StyleGuideforPythonCode,Active
